,Code,Title,Points1,Points2,EOS Points,Mid-point,Year
29,AL801,Software Design for Virtual Reality and Gaming,300,,300,359,2021
30,AL802,Software Design in Artificial Intelligence for Cloud Computing,313,,313,381,2021
31,AL803,Software Design for Mobile Apps and Connected Devices,350,,350,398,2021
32,AL805,Computer Engineering for Network Infrastructure,321,,321,381,2021
33,AL810,Quantity Surveying,328,,328,377,2021
34,AL811,Civil Engineering,,,,0,2021
35,AL820,Mechanical and Polymer Engineering,327,,327,398,2021
36,AL830,General Nursing,451,444,440,455,2021
37,AL832,Mental Health Nursing,440,431,431,451,2021
38,AL835,Pharmacology,356,,356,429,2021
39,AL836,Nutrition and Health Science,346,,346,398,2021
40,AL837,Sports Science with Exercise Physiology,357,,357,409,2021
41,AL838,Biotechnology,324,,324,434,2021
42,AL839,Microbiology,325,,325,408,2021
43,AL840,Pharmaceutical Sciences,346,,346,402,2021
44,AL841,Athletic and Rehabilitation Therapy,477,476,462,489,2021
45,AL842,Bioveterinary Science,338,,338,413,2021
46,AL843,Physical Activity and Health Science,306,,306,358,2021
47,AL849,Culinary Entrepreneurship,297,,297,327,2021
48,AL850,Business,309,,309,369,2021
49,AL851,Business and Law,302,,302,357,2021
50,AL852,Accounting,336,,336,466,2021
51,AL854,Sport Management (with international placement),300,299,299,349,2021
52,AL855,Hospitality Management (with international placement),309,,309,378,2021
53,AL857,Digital Marketing,304,,304,398,2021
54,AL859,International Business,308,,308,371,2021
55,AL860,Social Care Practice,301,,301,359,2021
56,AL861,Animation and Illustration (portfolio),575,,575,760,2021
57,AL863,Graphic and Digital Design (portfolio),747,,747,808,2021
58,AL864,Early Years Care and Education,306,,306,366,2021
59,AL870,Applied Psychology,484,467,452,480,2021
61,CW018,Business (options),307,,307,381,2021
63,CW028,Early Childhood Education and Care,260,,260,378,2021
65,CW038,Art (portfolio),700,,700,700,2021
67,CW048,Creative Computing and Digital Innovation,,,,0,2021
69,CW058,Tourism and Event Management,292,,292,356,2021
70,CW068,Applied Social Studies in Professional Social Care,250,,250,306,2021
72,CW078,Sustainable Farm Management and Agribusiness,270,,270,363,2021
74,CW088,Visual Communications and Design,270,,270,290,2021
77,CW108,Science (options),266,,266,361,2021
81,CW128,Brewing and Distilling,307,,307,349,2021
82,CW138,Sport and Exercise Science,430,423,423,462,2021
83,CW148,Strength and Conditioning,388,,388,409,2021
84,CW188,Sport Rehabilitation and Athletic Therapy,451,,451,488,2021
87,CW208,Computer Games Development,272,,272,333,2021
91,CW238,Software Development,295,,295,387,2021
92,CW248,Information Technology Management,293,,293,338,2021
93,CW258,Cybercrime and IT Security,292,,292,382,2021
94,CW268,Computing in Interactive Digital Art and Design,291,,291,384,2021
98,CW438,Construction (options),260,251,251,336,2021
99,CW468,Architectural Technology,291,283,283,353,2021
100,CW478,Civil Engineering,465,,465,465,2021
105,CW548,Mechanical Engineering,330,328,328,396,2021
106,CW558,Electronic Systems,280,,280,380,2021
107,CW568,Aerospace Engineering,371,359,359,433,2021
108,CW578,TV and Media Production,318,,318,358,2021
111,CW708,Law - LLB,292,,292,390,2021
113,CW728,Product Design Innovation,246,,246,370,2021
114,CW748,Early Childhood Education and Care,290,,290,377,2021
115,CW758,Professional Social Care Practice,360,358,358,397,2021
117,CW808,Media and Public Relations,247,,247,316,2021
121,CW848,Digital Marketing with Analytics,269,,269,336,2021
122,CW858,"Sports Management and Coaching (options, portfolio)",700,,700,700,2021
124,CW908,Business (options),272,,272,348,2021
128,CW938,Business with Law,270,,270,382,2021
129,CW948,Accounting,319,,319,454,2021
132,PC405,"Social, Political and Community Studies",263,235,235,298,2021
133,PC410,Arts and Humanities (fulfils Teaching Council requirements),262,230,230,336,2021
134,PC411,English and History (fulfils Teaching Council requirements),243,224,224,356,2021
159,CR105,Chemical and Biopharmaceutical Engineering,443,,443,532,2021
160,CR106,Software Development,431,,431,476,2021
161,CR108,Mechanical Engineering,434,,434,509,2021
162,CR109,Structural Engineering,396,,396,465,2021
163,CR110,Automotive Business Management and Technology,336,,336,388,2021
164,CR112,Creative Digital Media at CIT Crawford College of Art and Design,390,,390,455,2021
165,CR116,Computer Systems,365,,365,400,2021
166,CR121,Music at CIT Cork School of Music,904,904,904,1141,2021
167,CR125,Popular Music at CIT Cork School of Music,1028,,1028,1029,2021
168,CR130,Musical Theatre at CIT Cork School of Music,525,,525,600,2021
169,CR150,Business Information Systems,350,,350,409,2021
170,CR210,"Contemporary Applied Art (Ceramics, Glass, Textiles) at CIT Crawford",450,,450,450,2021
171,CR220,Fine Art at CIT Crawford College of Art and Design,400,,400,400,2021
172,CR225,Photography with New Media at CIT Crawford College of Art and Design,435,,435,560,2021
174,CR305,Physical Sciences (Common Entry),260,,260,357,2021
175,CR310,IT Management,347,,347,372,2021
176,CR320,Biomedical Science - Offered jointly by CIT and UCC,590,,590,601,2021
177,CR325,Pharmaceutical Biotechnology,466,,466,488,2021
178,CR333,Nutrition and Health Science,425,,425,455,2021
179,CR335,Biological Sciences (Common Entry),473,,473,507,2021
180,CR340,Analytical Chemistry with Quality Assurance,327,,327,400,2021
181,CR360,Instrument Engineering,301,,301,378,2021
182,CR365,Environmental Science and Sustainable Technology,262,,262,347,2021
183,CR370,Agri-Biosciences,368,,368,423,2021
184,CR400,Accounting,315,,315,423,2021
185,CR420,Marketing,290,,290,357,2021
186,CR425,International Business with Language,279,,279,419,2021
187,CR430,Sport and Exercise Management,402,,402,434,2021
188,CR440,Montessori Education,409,408,408,431,2021
189,CR500,Engineering (Common Entry),475,,475,499,2021
190,CR510,Sustainable Energy Engineering,320,,320,393,2021
191,CR520,Biomedical Engineering,444,,444,498,2021
192,CR560,Architectural Technology,375,,375,436,2021
193,CR565,Interior Architecture,431,,431,465,2021
194,CR570,Quantity Surveying,375,,375,429,2021
195,CR572,Construction Management,300,,300,349,2021
196,CR580,Electrical Engineering,342,,342,401,2021
197,CR590,Electronic Engineering,329,,329,409,2021
198,CR600,Visual Communications at CIT Crawford College of Art and Design,280,,280,510,2021
204,CR660,Tourism Management,246,,246,328,2021
205,CR700,Theatre and Drama Studies at CIT Cork School of Music,609,609,609,894,2021
208,CR930,Home Economics and Business,518,,510,542,2021
209,CK101,Arts - 3 years,300,,300,400,2021
210,CK102,Social Science,434,431,420,462,2021
211,CK104,Arts with Music - 3 or 4 years (BMus or Chinese/European/Int`l Pathway),339,,339,485,2021
212,CK105,Film and Screen Media - 3 years or 4 years (International Pathway),421,420,420,488,2021
213,CK107,Geographical and Archaeological Sciences - 3 or 4 years (Int`l Pathway),312,,312,425,2021
214,CK108,Arts International - 4 years,440,440,440,487,2021
215,CK109,English - 3 years or 4 years (International Pathway),367,357,352,462,2021
216,CK110,World Languages,488,,488,522,2021
217,CK111,Early Years and Childhood Studies,409,403,378,445,2021
218,CK112,Theatre and Performative Practices - 3 or 4 years (Int`l Pathway),371,,371,533,2021
219,CK113,Criminology - 3 years or 4 years (International Pathway),464,463,456,486,2021
220,CK114,Social Science (Youth and Community Work),,,,,2021
221,CK115,Social Work - Mature Applicants only,,,,,2021
222,CK118,Digital Humanities and IT - 3 or 4 years (Work Exper. or Int`l Pathway),347,339,339,444,2021
223,CK120,Applied Psychology,544,543,543,555,2021
224,CK121,Psychology and Computing - 3 or 4 years (Work Experience Pathway),499,488,478,522,2021
225,CK122,Government and Political Science,399,,397,465,2021
226,CK123,Anthropology,308,,308,429,2021
227,CK124,Education - Gaeilge,473,,473,522,2021
228,CK125,Sports Studies and Physical Education,564,555,555,589,2021
229,CK201,Commerce,500,499,499,532,2021
230,CK202,Accounting,553,543,532,566,2021
231,CK203,Business Information Systems,455,452,445,490,2021
232,CK204,Finance,566,566,566,601,2021
233,CK205,Commerce (International) with French,465,,462,522,2021
234,CK206,Commerce (International) with German,466,455,455,521,2021
235,CK207,Commerce (International) with Italian,423,418,418,441,2021
236,CK208,Commerce (International) with Hispanic Studies,488,486,477,528,2021
237,CK209,Commerce (International) with Irish,507,,507,534,2021
238,CK211,Commerce (International) with Chinese Studies,385,,385,477,2021
239,CK212,Economics (through Transformational Learning) 3 or 4 years Int`l Pathway,445,444,431,474,2021
240,CK213,Food Marketing and Entrepreneurship,466,,466,498,2021
241,CK214,International Development,332,,332,451,2021
242,CK301,Law (Pathways) -  3 or 4 years,533,532,532,556,2021
243,CK302,Law and French,545,,545,564,2021
244,CK304,Law and Irish,588,,588,601,2021
245,CK307,Law and Business,589,589,589,601,2021
246,CK401,Computer Science,503,495,488,531,2021
247,CK402,Biological and Chemical Sciences,555,555,554,577,2021
248,CK404,"Biological, Earth and Environmental Sciences",500,495,487,521,2021
249,CK405,Genetics,543,,533,554,2021
250,CK406,Chemical Sciences,532,,532,554,2021
251,CK407,Mathematical Sciences,566,,566,601,2021
252,CK408,Physics and Astrophysics,566,,555,601,2021
253,CK409,Industrial Physics - Offered jointly by UCC and CIT,465,,465,509,2021
254,CK411,Data Science and Analytics,531,,531,577,2021
255,CK412,Agricultural Science,506,,506,544,2021
256,CK504,Nutritional Sciences,555,554,544,566,2021
257,CK505,Food Science,463,,463,489,2021
258,CK600,Engineering,510,509,499,555,2021
259,CK606,Architecture - Offered jointly by UCC and CIT,543,,543,565,2021
260,CK701,Medicine (Undergraduate Entry - HPAT required),738,737,737,743,2021
261,CK702,Dentistry,625,625,625,625,2021
262,CK703,Pharmacy,613,613,613,625,2021
263,CK704,Occupational Therapy,601,,590,602,2021
264,CK705,Speech and Language Therapy,568,566,566,589,2021
265,CK706,Public Health Sciences,500,,500,532,2021
266,CK707,Medical and Health Sciences,578,,578,601,2021
267,CK710,General Nursing,498,497,495,519,2021
268,CK712,Children`s and General Nursing (Integrated),565,,565,578,2021
269,CK720,Mental Health Nursing,455,452,452,467,2021
270,CK730,Intellectual Disability Nursing,431,,429,451,2021
271,CK740,Midwifery,509,,509,543,2021
272,CK791,Medicine  - Graduate Entry (GAMSAT required),60,60,60,61,2021
273,AC120,International Business,294,294,294,352,2021
274,AC137,Liberal Arts,271,270,270,334,2021
275,CT125,Computing and IT,242,242,242,334,2021
276,CT325,Business,253,253,253,337,2021
277,CM001,Education - Primary Teaching,508,,508,518,2021
278,CM002,Education - Primary Teaching - Gaeltacht Applicants,462,,462,506,2021
279,CM003,Oideachas - Bunmhúinteoireacht Trí Mheán na Gaeilge,513,,513,546,2021
280,CM004,Oideachas - Bunmhúinteoireacht Trí Mheán na Gaeilge (daltaí Gaeltachta),480,,480,618,2021
281,CM010,Education Studies,382,327,327,440,2021
282,CM020,Early Childhood Education,317,,317,377,2021
286,DB500,Computing,234,234,204,333,2021
287,DB501,Computing (Cloud Computing),,178,178,309,2021
288,DB502,Computing (Data Analytics and Big Data),267,233,233,351,2021
289,DB503,Computing (Software Development),,,,0,2021
290,DB504,Computing (Web and Mobile Technology),,,,0,2021
291,DB510,Audio Production and Music Project Management,217,217,217,317,2021
292,DB512,Business Studies,243,210,210,347,2021
293,DB514,Business Studies (Law),239,225,225,346,2021
294,DB515,Business Studies (Human Resource Management),242,217,217,318,2021
295,DB517,Marketing (Event Management),233,225,225,336,2021
296,DB518,Marketing (Digital Media),307,209,209,354,2021
297,DB521,Accounting and Finance,243,228,228,379,2021
298,DB524,Business (Information Systems),247,239,239,327,2021
299,DB525,Marketing (Digital Media and Cloud Computing),288,288,288,337,2021
300,DB526,Business (Cloud Computing),244,244,244,327,2021
301,DB527,Applied Social Care,254,219,219,308,2021
303,DB531,Marketing,288,176,176,368,2021
305,DB562,Psychology,244,233,233,342,2021
307,DB566,Social Science,262,228,228,319,2021
308,DB567,Film and Creative Media,245,213,213,298,2021
309,DB568,Law,254,228,228,347,2021
310,DB569,Business (Psychology),240,240,240,338,2021
316,DC001,Education - Early Childhood Education,445,,445,474,2021
317,DC002,Education - Primary Teaching,518,,518,543,2021
318,DC003,Education - Primary Teaching - Gaeltacht Applicants,489,,496,509,2021
319,DC004,Education - Primary Teaching (Church of Ireland Centre formerly CICE),451,,451,,2021
320,DC009,Arts (Joint Honours) - Humanities,356,,356,431,2021
321,DC010,Post Primary Teacher Education - Religious Education and English,384,,384,441,2021
322,DC011,Post Primary Teacher Education - Religious Education and History,409,,409,455,2021
323,DC012,Post Primary Teacher Education - Religious Education and Music,409,,409,451,2021
324,DC013,Post Primary Teacher Ed - Gaeilge with French/German/Spanish,413,,413,510,2021
325,DC014,BA in Jazz and Contemporary Music Performance (audition),311,,311,634,2021
326,DC110,Business Studies International,498,,498,526,2021
327,DC111,Business Studies,511,,511,532,2021
328,DC112,Global Business (France),542,,542,564,2021
329,DC113,Global Business (Germany),484,,484,529,2021
330,DC114,Global Business (Spain),544,,544,562,2021
331,DC115,Accounting and Finance,544,,544,578,2021
332,DC116,Global Business (USA),613,,613,625,2021
333,DC117,Aviation Management / Aviation Management with Pilot Studies,484,,484,520,2021
334,DC118,Gnó agus Gaeilge / Business and Irish,368,,368,419,2021
335,DC119,Global Business (Canada),601,,601,601,2021
336,DC120,Computing for Business,403,402,402,440,2021
337,DC121,Computer Science,475,,476,498,2021
338,DC123,Data Science,501,,501,542,2021
339,DC126,Actuarial Mathematics,577,,577,601,2021
340,DC127,Common Entry into Actuarial and Financial Mathematics,541,,541,566,2021
341,DC131,Communication Studies,421,,421,479,2021
342,DC132,Journalism,452,,452,487,2021
343,DC133,Multimedia,435,,435,473,2021
344,DC155,Applied Language and Translation Studies,427,,431,476,2021
345,DC161,Analytical Science,498,,498,521,2021
346,DC162,Chemical and Pharmaceutical Sciences,531,,532,543,2021
347,DC163,Chemical Sciences General Entry (Undenominated Entry),466,,466,510,2021
348,DC166,Environmental Science and Technology,423,,423,466,2021
349,DC168,Genetics and Cell Biology,543,,543,555,2021
350,DC175,Physics General Entry (options),400,,400,479,2021
351,DC180,Biological Sciences General Entry (Undenominated Entry),530,,530,543,2021
352,DC181,Biotechnology,530,,530,544,2021
353,DC190,Electronic and Computer Engineering (with choice of four majors),488,,488,532,2021
354,DC193,Mechatronic Engineering,490,,490,532,2021
355,DC194,Sustainable Systems and Energy,476,,488,509,2021
356,DC195,Mechanical and Manufacturing Engineering,500,,500,521,2021
357,DC197,Biomedical Engineering,510,,510,543,2021
358,DC200,Common Entry into Engineering (Undenominated Entry),511,510,510,543,2021
359,DC202,Sport Science and Health,511,,511,532,2021
360,DC203,Science Education,462,,462,509,2021
361,DC204,Athletic Therapy and Training,558,,558,578,2021
362,DC205,Physical Education with Biology,565,,565,578,2021
363,DC206,Physical Education with Mathematics,521,,521,544,2021
364,DC207,Psychology and Mathematics,521,,521,543,2021
365,DC208,Psychology,565,,565,577,2021
366,DC209,Health and Society,477,,477,509,2021
367,DC210,Psychology and Disruptive Technologies,506,,506,532,2021
368,DC215,General Nursing,456,,456,485,2021
369,DC216,Mental Health Nursing,420,,420,440,2021
370,DC217,Intellectual Disability Nursing,382,,382,402,2021
371,DC218,Children`s and General Nursing (Integrated),521,,521,554,2021
372,DC230,"Economics, Politics and Law",431,,431,468,2021
373,DC231,International Relations,398,,399,458,2021
374,DC232,Law and Society (BCL),469,,469,511,2021
375,DC235,Education and Training - Daytime and Flexible Delivery Mode (full-time),302,,302,370,2021
376,DC238,Social Sciences and Cultural Innovation,387,,387,440,2021
377,DC240,"Marketing, Innovation and Technology",499,,499,532,2021
378,DC241,Digital Business and Innovation,509,,509,533,2021
379,DC291,Arts (Joint Honours) - Media Studies,350,,350,440,2021
380,DC292,Arts (Joint Honours) - Law,400,,400,440,2021
381,DC293,Arts (Joint Honours) - International Languages,379,,379,467,2021
382,DC294,Climate and Environmental Sustainability,475,,475,489,2021
383,DC295,Arts (Joint Honours) - Politics,349,,349,409,2021
385,DL822,Arts Management,254,,254,356,2021
386,DL823,Business Management,220,,220,318,2021
387,DL825,Applied Psychology,418,413,413,462,2021
388,DL826,Graphic Design,591,,591,824,2021
389,DL827,Art,574,,574,906,2021
390,DL832,Animation,989,,989,1098,2021
391,DL833,Photography and Visual Media,671,671,665,877,2021
392,DL836,Creative Computing,235,,235,339,2021
393,DL837,New Media Studies,298,293,293,359,2021
394,DL838,Creative Music Production,713,,713,979,2021
395,DL839,Interaction and User Experience Design,757,,757,1087,2021
396,DL840,Digital Marketing,210,,210,347,2021
397,DL841,English and Equality Studies,277,277,277,357,2021
398,DL843,Film,987,874,874,1000,2021
399,DL844,Television,566,,566,947,2021
400,DL845,Design for Film (degree options),628,,630,900,2021
401,GC200,Business,269,242,242,377,2021
402,GC201,Accounting and Finance,260,226,226,270,2021
403,GC230,Computing Science,300,289,289,351,2021
404,GC250,Communications and Media Production,,,,,2021
405,GC300,Business,264,264,264,377,2021
406,GC301,Accounting and Finance,,251,251,251,2021
407,GC302,Business - HRM,377,377,329,377,2021
408,GC307,Business (Marketing),289,270,270,289,2021
410,GC400,Business,250,228,228,318,2021
411,GC401,Accounting and Finance,242,242,242,337,2021
412,GC402,Business (HRM),,,,0,2021
413,GC403,Law,245,242,242,319,2021
414,GC407,Business (Marketing),264,264,176,318,2021
417,GC430,Computing Science,251,251,251,325,2021
419,GC450,Communications and Media Production,225,225,225,321,2021
421,GC462,Design Communication (portfolio),300,,300,300,2021
426,GC489,Interior Architecture (portfolio),288,274,274,429,2021
428,GC494,Fashion Design (portfolio),351,,309,588,2021
430,BY001,Business,210,210,210,323,2021
432,ID001,Accounting and Finance,,,,0,2021
433,ID002,Business Studies,,,273,340,2021
434,AD101,"First Year Art and Design (Common Entry,portfolio)",554,,554,604,2021
435,AD102,Graphic Design and Moving Image Design (portfolio),538,,538,625,2021
436,AD103,Textile and Surface Design and Jewellery and Objects (portfolio),505,,505,581,2021
437,AD202,"Education and Design or Fine Art (Second Level Teaching,portfolio))",591,,591,620,2021
438,AD204,Fine Art (portfolio),514,,514,583,2021
439,AD211,Fashion Design (portfolio),760,679,679,679,2021
440,AD212,Product Design (portfolio),413,,413,569,2021
441,AD215,Visual Culture,337,300,300,380,2021
442,AD217,Illustration (portfolio),738,,738,,2021
443,AD222,Interaction Design (portfolio),444,,444,488,2021
444,NC003,Computing (Degree Award options),271,,271,334,2021
445,NC005,Human Resource Management,301,,301,360,2021
446,NC009,Business,300,,300,371,2021
447,NC010,Psychology,420,,420,465,2021
448,NC020,Marketing Practice,270,,270,329,2021
449,NC022,Accounting and Finance,330,,330,390,2021
450,NC023,Technology Management (with specialisations),266,,266,356,2021
451,NC030,Early Childhood Education and Care,251,251,251,308,2021
455,RC001,Medicine - Undergraduate Entry (HPAT required),741,740,740,741,2021
456,RC004,Physiotherapy,589,589,589,589,2021
457,RC005,Pharmacy,613,613,602,613,2021
458,RC101,Medicine - Graduate Entry (GAMSAT required),,,62,66,2021
460,NM801,Montessori Education,262,,262,320,2021
461,NM802,Psychology,228,,228,338,2021
528,TU801,Sustainable Energy Engineering,235,,235,329,2021
529,TU802,Electrical Services and Energy Management,309,,290,359,2021
530,TU804,Engineering (Common Entry with Award options),270,,270,361,2021
531,TU805,Engineering (General Entry),466,465,465,499,2021
532,TU807,Computer Engineering in Mobile Systems,274,,274,339,2021
533,TU810,Mechatronic Engineering,271,,271,399,2021
534,TU811,Product Design,440,434,434,479,2021
535,TU812,"Design,Technology and Innovation",278,,278,335,2021
536,TU814,Sustainable Transport Management,253,253,253,349,2021
537,TU828,Mechanical Engineering (General Entry),300,,300,386,2021
538,TU829,Electronic Engineering (General Entry),248,248,243,354,2021
539,TU831,Architectural Technology,423,,423,455,2021
540,TU832,Architecture (Suitability Test and Interview),644,638,638,682,2021
541,TU833,Construction Management,396,,396,429,2021
542,TU834,Geographic Science,315,,315,370,2021
543,TU835,Planning and Environmental Management,330,,330,393,2021
544,TU836,Property Economics (Valuation Surveying),411,,411,444,2021
545,TU837,Quantity Surveying and Construction Economics,413,,413,455,2021
546,TU838,Sustainable Timber Technology,307,271,271,385,2021
547,TU851,"Analytical Chemistry (Environmental, Forensic and Pharmaceutical)",400,,400,464,2021
548,TU852,Chemical Sciences with Medicinal Chemistry,477,,477,499,2021
549,TU854,Science (General Entry),510,,510,532,2021
550,TU855,Science with Nanotechnology,322,,322,382,2021
551,TU856,Computer Science,499,,499,531,2021
552,TU857,Computer Science (Infrastructure),403,,403,443,2021
553,TU858,Computer Science (International),395,,395,444,2021
554,TU859,Computing,251,,251,336,2021
555,TU860,Computing (Information Technology),270,,270,356,2021
556,TU861,Computing with Language (French/German/Spanish),235,235,235,370,2021
557,TU862,Computing with Artificial Intelligence Machine Learning,262,,262,310,2021
558,TU863,Digital Forensics and Cyber Security,282,,282,346,2021
559,TU864,DNA and Forensic Analysis,500,441,441,465,2021
560,TU865,Cloud Computing,235,,235,308,2021
561,TU866,Biomedical and Molecular Diagnostics,522,,522,540,2021
562,TU867,Biomedical Science,576,566,565,578,2021
563,TU868,Clinical Measurement Science,542,,542,554,2021
564,TU869,Environmental Health,387,,387,434,2021
565,TU870,Human Nutrition and Dietetics,601,,600,613,2021
566,TU871,Optometry,532,,532,544,2021
567,TU872,Public Health Nutrition,487,,487,521,2021
568,TU874,Mathematical Sciences,294,294,294,434,2021
569,TU875,Pharmaceutical Healthcare,451,,451,477,2021
570,TU876,Pharmaceutical Science,445,,445,474,2021
571,TU877,Physics Technology,314,314,314,422,2021
572,TU878,Physics with Energy and Environment,339,,339,408,2021
573,TU879,Physics with Medical Physics and Bioengineering,346,,346,430,2021
574,TU880,Physics with Data Science,412,,412,532,2021
575,TU881,Food Innovation,309,,309,423,2021
576,TU882,Nutraceuticals in Health and Nutrition,380,,380,447,2021
577,TU902,Business (options),270,,270,327,2021
578,TU903,Business and Management,477,,477,509,2021
579,TU904,Business and Law,462,,462,486,2021
580,TU905,Economics and Finance,460,,460,488,2021
581,TU906,Human Resource Management,386,377,377,412,2021
582,TU907,Logistics and Supply Chain Management,300,,300,367,2021
583,TU910,Accounting,420,,420,462,2021
584,TU912,Business Analytics,331,311,311,367,2021
585,TU914,Business Computing,322,,322,377,2021
586,TU917,Law (LLB ) with a Language,356,,356,451,2021
587,TU918,Law (LLB),463,,463,499,2021
588,TU919,Advertising and Marketing Communications,219,,219,327,2021
589,TU920,Digital Marketing,270,,270,339,2021
590,TU921,Digital Marketing Technologies,230,,230,298,2021
591,TU922,Marketing,412,,412,446,2021
592,TU924,E-Commerce in Retailing,307,,307,380,2021
593,TU925,Retail and Services Management,307,,307,368,2021
594,TU932,Business (options),211,,211,337,2021
595,TU933,Accounting and Finance (campus options),251,,251,346,2021
596,TU935,Sports Management and Coaching,300,,300,368,2021
597,TU936,Sports Science and Health,484,,484,498,2021
598,TU941,Botanical Cuisine,311,,311,380,2021
599,TU942,Culinary Arts,252,,252,348,2021
600,TU943,Culinary Entrepreneurship,261,,261,387,2021
601,TU944,Culinary Science,336,,336,393,2021
602,TU951,International Hospitality and Tourism Management,244,,244,316,2021
603,TU952,International Hospitality Management,309,,309,398,2021
604,TU953,Tourism and Digital Marketing,308,,308,366,2021
605,TU954,Event Management,326,,326,402,2021
606,TU955,Sports and Leisure Management,275,,275,349,2021
607,TU961,Commercial Modern Music (BIMM - assessment/audition),536,536,536,881,2021
608,TU962,"Drama (Performance, audition)",448,,448,551,2021
609,TU963,Music (audition),364,,364,561,2021
610,TU965,International Business and Languages,357,,357,442,2021
611,TU967,Languages and International Tourism,298,,298,390,2021
612,TU973,Design - Visual Communication (portfolio),700,,700,953,2021
613,TU974,Fine Art (portfolio),549,,549,704,2021
614,TU975,Interior Design (portfolio),544,,544,919,2021
615,TU976,Photography (portfolio),700,,700,952,2021
616,TU978,Creative Industries and Visual Culture,299,,299,440,2021
617,TU981,Creative Digital Media,280,,280,347,2021
618,TU982,Media Production and Digital Arts,369,,369,412,2021
619,TU983,Film and Broadcasting,462,453,453,496,2021
620,TU984,Game Design,414,,414,455,2021
621,TU985,Journalism,367,,367,409,2021
622,TU989,Early Childhood Care and Education (campus options),270,,270,337,2021
623,TU991,Applied Social Studies in Social Care,326,,326,356,2021
624,TU992,Community Development and Youth Work,251,,251,311,2021
625,TU995,Early Childhood Education,378,,378,412,2021
626,TU996,Social Care,407,,407,440,2021
627,TU997,Applied Social Care,320,,320,368,2021
628,TR002,Music,508,477,477,513,2021
629,TR003,History,552,543,531,558,2021
630,TR004,Law,590,589,589,601,2021
631,TR005,Philosophy,510,497,456,510,2021
632,TR006,Psychology,601,590,578,602,2021
633,TR007,Clinical Speech and Language Studies,564,,555,577,2021
634,TR009,Music Education,496,486,486,530,2021
635,TR015,"Philosophy, Political Science, Economics and Sociology",613,613,613,625,2021
636,TR016,Deaf Studies,389,,389,440,2021
637,TR018,Law and French,602,602,600,613,2021
638,TR019,Law and German,577,567,567,588,2021
639,TR021,"Classics, Ancient History and Archaeology",467,462,419,501,2021
640,TR022,Early and Modern Irish,377,,377,473,2021
641,TR023,English Studies,546,541,533,555,2021
642,TR024,European Studies,566,,566,589,2021
643,TR025,Drama and Theatre Studies,543,519,509,552,2021
644,TR028,Ancient and Medieval History and Culture,498,463,382,474,2021
645,TR031,Mathematics,579,578,577,613,2021
646,TR032,Engineering,556,555,554,581,2021
647,TR033,Computer Science,566,549,543,578,2021
648,TR034,Management Science and Information Systems Studies,625,625,625,625,2021
649,TR035,Theoretical Physics,590,589,589,613,2021
650,TR038,Engineering with Management,589,589,589,613,2021
651,TR039,"Computer Science, Linguistics and a Language",443,,443,531,2021
652,TR040,Middle Eastern and European Languages and Cultures,520,499,397,531,2021
653,TR041,Religion,417,,417,476,2021
654,TR042,Film,531,522,518,532,2021
655,TR043,History of Art and Architecture,498,486,467,519,2021
656,TR051,Medicine (HPAT required),743,743,743,751,2021
657,TR052,Dental Science,625,625,625,625,2021
658,TR053,Physiotherapy,590,,590,601,2021
659,TR054,Occupational Therapy,578,577,577,589,2021
660,TR055,Radiation Therapy,577,566,566,577,2021
661,TR056,Human Health and Disease,601,,601,613,2021
662,TR060,Biological and Biomedical Sciences,578,577,577,590,2021
663,TR061,Chemical Sciences,558,554,542,564,2021
664,TR062,Geography and Geoscience,495,,490,531,2021
665,TR063,Physical Sciences,554,543,521,566,2021
666,TR064,Environmental Science and Engineering,555,,555,578,2021
667,TR072,Pharmacy,613,613,613,625,2021
668,TR080,Global Business,613,,613,625,2021
669,TR081,"Business, Economic and Social Studies (BESS)",577,567,566,589,2021
670,TR084,Social Studies (Social Work),497,487,484,508,2021
671,TR085,Business Studies and French,564,,564,577,2021
672,TR086,Business Studies and German,530,,530,533,2021
673,TR087,Business Studies and Russian,487,,487,521,2021
674,TR089,Business Studies and Polish,391,,391,432,2021
675,TR090,Business Studies and Spanish,566,,566,589,2021
676,TR091,General Nursing (Meath and St James`s),462,456,454,487,2021
677,TR093,General Nursing (Adelaide School of Nursing),473,,473,484,2021
678,TR095,Mental Health Nursing,442,,432,455,2021
679,TR097,Intellectual Disability Nursing,412,410,401,419,2021
680,TR111,Ancient History and Archaeology/Geography,496,,509,530,2021
681,TR112,Ancient History and Archaeology/History,577,,577,577,2021
682,TR113,Ancient History and Archaeology/History of Art and Architecture,528,,528,541,2021
683,TR114,Ancient History and Archaeology/Modern Language,507,,507,512,2021
684,TR117,Ancient History and Archaeology/Religion,494,,494,625,2021
685,TR166,Classical Civilisation/English Literature,552,,552,567,2021
686,TR173,Classical Civilisation/History of Art and Architecture,420,,420,487,2021
687,TR177,Classical Civilisation/Modern Language,484,,484,543,2021
688,TR179,Classical Civilisation/Philosophy,508,,521,522,2021
689,TR188,Computer Science/Business Studies,584,,584,602,2021
690,TR198,Economics/Geography,968,956,954,,2021
691,TR202,Economics/History,601,,601,625,2021
692,TR207,Economics/Mathematics,613,,613,625,2021
693,TR208,Economics/Modern Language,589,,589,611,2021
694,TR209,Economics/Philosophy,588,,589,611,2021
695,TR212,Economics/Sociology,589,,589,606,2021
696,TR214,Social Policy/Economics,611,,611,611,2021
697,TR228,Classical Languages/English Literature,555,,555,583,2021
698,TR230,Classical Languages/Linguistics,501,,501,501,2021
699,TR231,Classical Languages/History of Art and Architecture,613,,613,613,2021
700,TR233,"Classical Languages/Middle Eastern,Jewish and Islamic Civilisations",583,,583,583,2021
701,TR239,Classical Languages/Modern Language,543,,543,558,2021
702,TR240,Computer Science/Geography,482,,482,541,2021
703,TR241,Computer Science/Linguistics,495,,495,532,2021
704,TR262,English Literature/History,576,,576,600,2021
705,TR263,English Literature/History of Art and Architecture,571,,571,576,2021
706,TR269,English Literature/Philosophy,555,,555,584,2021
707,TR272,English Literature/Sociology,553,,553,567,2021
708,TR276,English Literature/Drama Studies,555,,555,589,2021
709,TR277,English Literature/Modern Language,554,,554,586,2021
710,TR311,Film/Drama Studies,578,,578,578,2021
711,TR312,Film/English Literature,576,,576,590,2021
712,TR320,Film/Music,584,,584,601,2021
713,TR322,Geography/History,578,,613,613,2021
714,TR323,Drama Studies/Modern Language,495,,495,589,2021
715,TR324,Film/Modern Language,577,,577,589,2021
716,TR325,Film/History,578,,613,613,2021
717,TR326,Geography/Modern Language,451,,451,500,2021
718,TR328,Political Science/Geography,564,,564,590,2021
719,TR332,Geography/Sociology,522,,522,554,2021
720,TR443,History/History of Art and Architecture,581,,581,613,2021
721,TR447,History/Modern Language,576,,576,576,2021
722,TR449,History/Philosophy,579,,579,590,2021
723,TR454,History/Religion,,,,,2021
724,TR455,History of Art and Architecture/Modern Language,451,,451,512,2021
725,TR457,History/Political Science,576,,576,590,2021
726,TR479,History of Art and Architecture/Philosophy,509,,519,531,2021
727,TR482,Sociology/History of Art and Architecture,522,,522,541,2021
728,TR547,"Middle Eastern,Jewish and Islamic Civ./Ancient History and Archaeology",543,,543,543,2021
729,TR548,"Middle Eastern,Jewish and Islamic Civilisations/Classical Civilisation",544,,544,544,2021
730,TR554,"Middle Eastern,Jewish and Islamic Civilisations/History",576,,576,580,2021
731,TR563,"Middle Eastern,Jewish and Islamic Civilisations/Modern Language",590,,590,590,2021
732,TR564,"Middle Eastern,Jewish and Islamic Civilisations/Music",,,,,2021
733,TR565,"Middle Eastern,Jewish and Islamic Civilisations/Religion",999,949,949,,2021
734,TR580,Business Studies/Law,625,,625,625,2021
735,TR581,History/Law,625,,625,625,2021
736,TR582,Political Science/Law,625,,625,625,2021
737,TR587,"Middle Eastern,Jewish and Islamic Civilisations/Linguistics",,,,,2021
738,TR588,Linguistics/Modern Language,456,,456,519,2021
739,TR589,Linguistics/Philosophy,520,,520,553,2021
740,TR592,"Sociology/Middle Eastern,Jewish and Islamic Civilisations",531,,531,539,2021
741,TR597,Mathematics/Modern Language,613,,613,613,2021
742,TR598,Mathematics/Music,625,,625,625,2021
743,TR599,Mathematics/Philosophy,625,,625,625,2021
744,TR629,Music/Philosophy,533,,533,533,2021
745,TR635,Music/Drama Studies,532,,532,532,2021
746,TR636,Music/Modern Language,530,,530,555,2021
747,TR638,Music/Religion,,,,,2021
748,TR639,Philosophy/Modern Language,520,,520,540,2021
749,TR662,Philosophy/Sociology,531,,531,542,2021
750,TR663,Religion/Classical Civilisation,418,,418,442,2021
751,TR664,Religion/English Literature,968,,966,,2021
752,TR665,Religion/History of Art and Architecture,369,,369,494,2021
753,TR666,Religion/Modern Language,,,,,2021
754,TR667,French/Modern Language,466,,466,508,2021
755,TR668,German/Modern Language,441,,441,521,2021
756,TR669,Irish/Modern Language,464,,464,533,2021
757,TR670,Italian/Modern Language,462,,462,498,2021
758,TR671,Russian/Modern Language,501,,501,525,2021
759,TR672,Spanish/Modern Language,486,,486,552,2021
760,TR756,Sociology/Modern Language,522,,522,545,2021
761,TR757,Modern Language/Social Policy,555,,555,566,2021
762,TR758,Social Policy/Political Science,566,,566,597,2021
763,TR759,Sociology/Social Policy,554,,554,579,2021
767,TR911,Children`s and General Nursing (Integrated),531,,529,544,2021
768,TR913,Midwifery,521,,520,543,2021
769,DN100,Architecture,555,,553,577,2021
770,DN120,Landscape Architecture,463,435,430,484,2021
771,DN130,City Planning and Environmental Policy,445,424,420,474,2021
772,DN150,Engineering (Common Entry),565,,556,601,2021
773,DN200,Science (options),577,567,566,589,2021
774,DN201,Computer Science (Common Entry),554,549,542,558,2021
775,DN230,Actuarial and Financial Studies,613,613,613,625,2021
776,DN240,Sustainability,510,,506,532,2021
777,DN250,Agricultural Science (options),454,444,440,489,2021
778,DN261,Food Science,531,,522,544,2021
779,DN262,Human Nutrition,566,,566,577,2021
780,DN300,Veterinary Medicine - Undergraduate Entry,601,,601,613,2021
781,DN301,Veterinary Medicine - Graduate Entry (GAMSAT required),,,,,2021
782,DN310,Veterinary Nursing,521,509,486,522,2021
783,DN400,Medicine - Undergraduate Entry (HPAT required),743,,743,751,2021
784,DN401,Medicine - Graduate Entry (GAMSAT required),61,,61,63,2021
785,DN410,Radiography,566,566,565,578,2021
786,DN411,Radiography - Graduate Entry,,,,,2021
787,DN420,Physiotherapy,601,601,601,613,2021
788,DN425,Health and Performance Science,544,543,541,555,2021
789,DN430,Sport and Exercise Management,484,476,473,499,2021
790,DN440,"Biomedical, Health and Life Sciences",613,613,613,618,2021
791,DN450,General Nursing,462,,462,490,2021
792,DN451,Children`s and General Nursing (Integrated),533,,532,554,2021
793,DN452,Midwifery,510,509,507,511,2021
794,DN453,Mental Health Nursing,442,,441,451,2021
795,DN520,Joint Honours (options),381,378,356,445,2021
796,DN530,Humanities (options),397,388,359,465,2021
797,DN541,Modern Languages (options),320,,320,423,2021
798,DN600,Law (options),576,567,566,588,2021
799,DN610,Business and Law,573,567,566,589,2021
800,DN650,Commerce,555,,554,567,2021
801,DN660,Commerce International (options),555,554,554,567,2021
802,DN670,Economics and Finance,625,625,625,625,2021
803,DN700,Social Sciences (options),475,474,463,509,2021
804,DN710,Economics,534,532,522,544,2021
805,DN720,Psychology,566,564,555,577,2021
806,DN750,Social Policy and Sociology,421,,408,441,2021
830,DK810,Accounting and Finance,307,307,307,399,2021
831,DK816,Business Studies,301,301,301,382,2021
832,DK820,Computing in Games Development,309,309,309,381,2021
833,DK821,Computing in Software Development,320,316,307,379,2021
834,DK822,Augmented and Virtual Reality,320,320,307,340,2021
835,DK830,Building Surveying,305,,305,378,2021
836,DK831,Architectural Technology,368,314,314,377,2021
837,DK832,Construction Management,358,305,305,362,2021
838,DK843,Engineering (Common Entry),404,391,391,466,2021
839,DK844,Mechanical Engineering,336,336,336,435,2021
840,DK845,Electrical and Electronic Engineering,331,331,331,434,2021
841,DK846,Civil Engineering,371,371,371,465,2021
842,DK850,International Tourism Management,303,303,303,417,2021
843,DK861,Arts,302,302,300,347,2021
844,DK862,Social Care,322,319,301,348,2021
845,DK863,Creative Media,336,320,309,432,2021
846,DK864,Film and Television Production,308,,308,399,2021
847,DK865,Audio and Music Production,352,,308,404,2021
848,DK870,General Nursing,440,440,433,451,2021
849,DK872,Intellectual Disability Nursing,367,366,347,368,2021
850,DK874,Mental Health Nursing,398,,391,414,2021
851,DK876,Early Childhood Studies,300,300,300,357,2021
852,DK877,Midwifery,482,477,470,495,2021
853,DK880,Health and Physical Activity,301,301,300,397,2021
854,DK882,Agriculture (Award options),342,,342,402,2021
855,DK883,Science (Award options),373,368,302,384,2021
856,DK884,Sustainable Agriculture,348,,348,397,2021
857,DK885,Agri-Food Production,,,,0,2021
858,DK886,Biopharmaceutical Science,379,,347,388,2021
859,DK887,Environmental Science,377,,377,440,2021
867,GA181,Accounting,303,,303,400,2021
868,GA182,Business,285,,285,369,2021
869,GA183,Business Information Systems,298,,298,358,2021
870,GA184,Marketing and Sales,300,,300,368,2021
871,GA185,Finance and Economics,318,,318,378,2021
872,GA186,Business with Entrepreneurship,287,,287,346,2021
873,GA187,Rural Enterprise and Agri-Business,291,,291,358,2021
877,GA281,Film and Documentary,310,301,301,358,2021
878,GA282,Heritage Studies,252,,252,343,2021
879,GA283,Contemporary Art (portfolio),790,,790,876,2021
880,GA284,Design,331,,331,398,2021
881,GA285,"Education (Art, Design and Graphics)",406,,406,442,2021
890,GA380,International Hotel Management,218,,218,320,2021
891,GA381,International Tourism Management,252,,252,317,2021
892,GA382,Culinary and Gastronomic Science,235,,235,375,2021
893,GA384,Event Management with Public Relations,230,,230,340,2021
898,GA480,Construction Management,302,,302,359,2021
899,GA482,Quantity Surveying and Construction Economics,304,,304,388,2021
900,GA483,Architectural Technology,281,273,273,361,2021
901,GA484,Civil Engineering,377,,377,421,2021
903,GA580,Software and Electronic Engineering,300,,300,388,2021
910,GA680,Mechanical Engineering,400,,400,455,2021
911,GA681,Energy Engineering,312,,312,392,2021
912,GA682,Biomedical Engineering,331,,331,413,2021
913,GA683,Agricultural Engineering,304,,304,390,2021
914,GA684,Engineering Common Entry to Manu/Agri/Biomed/Energy/Mech Eng,413,,413,456,2021
915,GA685,Manufacturing Engineering Design,336,,336,377,2021
924,GA780,Applied Freshwater and Marine Biology,366,,366,435,2021
925,GA781,Applied Biology and Biopharmaceutical Science,381,,381,442,2021
926,GA782,Chemical and Pharmaceutical Science,356,,356,398,2021
927,GA783,Physics and Instrumentation,301,,301,387,2021
928,GA784,Science (Undenominated),445,,445,466,2021
929,GA785,Medical Science,517,510,510,532,2021
930,GA786,Forensic Science and Analysis,408,408,408,462,2021
931,GA787,Computing in Software Development,310,,310,381,2021
932,GA788,Computing and Digital Media,270,,270,314,2021
933,GA789,Agriculture and Environmental Management,340,,340,392,2021
934,GA790,Sport and Exercise Science,376,366,366,431,2021
935,GA791,Public Health Nutrition,368,,368,431,2021
943,GA880,General Nursing,440,,440,455,2021
944,GA882,Psychiatric Nursing,369,,369,398,2021
945,GA885,Outdoor Education,269,,269,360,2021
946,GA887,History and Geography,201,,201,288,2021
947,GA889,Applied Social Care,265,,265,339,2021
948,GA890,Early Childhood Education and Care,281,227,227,336,2021
949,GA891,Geography and Outdoor Education,261,,261,366,2021
950,GA892,Community Development and Youth Work (Level 8),,,,0,2021
955,GA980,Education (Design Graphics and Construction),410,,410,435,2021
956,GA981,Furniture Design and Manufacture,346,,346,385,2021
957,GA982,Furniture Making and Architectural Woodworking,360,,360,402,2021
958,GA983,Furniture and Digital Manufacturing,,,,0,2021
959,GA984,"Furniture Design, Making and Technology - Common Entry",486,467,467,498,2021
960,GY101,Arts (Joint-Honours),327,326,326,423,2021
961,GY104,BSc (Psychology),564,555,545,566,2021
962,GY105,Arts (History),357,,357,424,2021
963,GY109,Arts (Mathematics and Education),413,,413,487,2021
964,GY110,Arts (Children and Youth Studies - options),387,,387,440,2021
965,GY111,Arts (English and Creative Writing),421,420,420,518,2021
966,GY113,Arts with Human Rights,413,,413,477,2021
967,GY115,Arts with Performing Arts Studies,300,,300,393,2021
968,GY118,"Arts (Drama, Theatre and Performance Studies)",453,430,430,476,2021
969,GY119,Arts (Journalism),484,473,473,521,2021
970,GY122,Na Dána (Cumarsáid agus Gaeilge),410,,410,496,2021
971,GY123,Applied Social Sciences,419,,419,451,2021
972,GY125,Arts (Digital Arts and Technology),403,,403,444,2021
973,GY127,Arts (Film and Digital Media),430,421,421,488,2021
974,GY128,Arts (Global Languages),346,,346,468,2021
975,GY129,Arts (Global Experience),465,,465,522,2021
976,GY130,Arts (Music),462,,462,498,2021
977,GY132,"Government (Politics, Economics and Law)",465,451,451,495,2021
978,GY133,Education (Computer Science and Mathematical Studies),454,,454,476,2021
979,GY134,Geography and Geosystems,425,,425,476,2021
980,GY135,Arts (Global Media),442,,442,484,2021
981,GY136,Na Dána (Léann Teanga - options),526,,526,526,2021
982,GY201,Commerce,476,,476,499,2021
983,GY202,Commerce (International) with French,520,,520,548,2021
984,GY203,Commerce (International) with German,518,,518,532,2021
985,GY204,Commerce (International) with Spanish,506,,506,531,2021
986,GY206,Business Information Systems (Work Placement and Optional Int`l Study),509,,509,544,2021
987,GY207,Commerce (Accounting) including optional Global Experience year,543,,543,578,2021
988,GY208,Commerce (Gaeilge),508,,508,547,2021
989,GY209,Commerce (Global Experience),551,,551,578,2021
990,GY250,Law and Business,510,,510,541,2021
991,GY251,Law (BCL),542,,542,554,2021
992,GY252,Law (BCL) and Human Rights,565,,565,567,2021
993,GY253,Law and Taxation,506,,506,531,2021
994,GY254,"Law (BCL), Criminology and Criminal Justice",548,,548,566,2021
995,GY261,Business Studies in International Hotel Management (interview),503,,503,647,2021
996,GY262,Commerce in International Hotel Management (interview),709,,709,743,2021
997,GY301,Science,489,488,488,529,2021
998,GY303,Biomedical Science,613,,613,613,2021
999,GY304,Biotechnology,498,495,495,522,2021
1000,GY308,Environmental Science,431,430,430,473,2021
1001,GY309,Financial Mathematics and Economics,509,,509,565,2021
1002,GY310,Marine Science,467,,467,499,2021
1003,GY313,Environmental Health and Safety,412,,412,452,2021
1004,GY314,Earth and Ocean Sciences,422,,422,463,2021
1005,GY318,Biopharmaceutical Chemistry,555,,555,581,2021
1006,GY319,Mathematical Science,543,,543,589,2021
1007,GY320,"Physics (Degree options: Applied,Astrophysics,Biomedical,Theoretical)",465,,465,533,2021
1008,GY321,Genetics and Genomics,532,,532,565,2021
1009,GY322,Agricultural Sciences,485,,485,518,2021
1010,GY350,Computer Science and Information Technology,495,,495,521,2021
1011,GY401,Engineering (Undenominated),522,520,520,555,2021
1012,GY402,Civil Engineering,533,521,521,545,2021
1013,GY405,Mechanical Engineering,541,,541,589,2021
1014,GY406,Electronic and Computer Engineering,555,,555,566,2021
1015,GY408,Biomedical Engineering,554,,554,578,2021
1016,GY410,Project and Construction Management,431,,431,455,2021
1017,GY413,Energy Systems Engineering,509,,509,543,2021
1018,GY414,Electrical and Electronic Engineering,433,,433,476,2021
1019,GY501,"Medicine (five year/six year course, HPAT required)",737,737,737,740,2021
1020,GY502,Occupational Therapy,601,,601,602,2021
1021,GY503,Speech and Language Therapy,578,,578,590,2021
1022,GY504,Podiatric Medicine,531,526,510,533,2021
1023,GY515,General Nursing (Galway and Portiuncula),502,496,476,507,2021
1024,GY516,Mental Health Nursing,475,441,412,451,2021
1025,GY517,Midwifery,520,509,507,532,2021
1028,LY108,Business - Accounting,312,,312,432,2021
1029,LY118,Business,288,,288,387,2021
1030,LY128,Marketing with Online Technologies,261,261,261,369,2021
1033,LY208,Law,300,290,290,388,2021
1034,LY228,Sports and Exercise - Common Entry,290,,290,379,2021
1037,LY408,Design - Common Entry,301,,301,380,2021
1043,LY508,Fire Safety Engineering,283,,283,352,2021
1044,LY518,Quantity Surveying,304,,304,387,2021
1046,LY528,Construction Management,262,,262,298,2021
1047,LY538,Architectural Technology,234,234,234,403,2021
1050,LY608,Mechanical Engineering,300,,300,390,2021
1052,LY618,Electronic Engineering,321,,321,368,2021
1054,LY708,Applied Computing,320,,320,430,2021
1057,LY748,Computer Science,316,,316,421,2021
1061,LY818,Science - Common Entry,302,,302,411,2021
1063,LY828,Agriculture - Common Entry,308,300,300,360,2021
1071,LY908,General Nursing,429,,429,441,2021
1073,LY918,Psychiatric Nursing,367,,361,399,2021
1074,LY928,Intellectual Disability Nursing,357,,342,386,2021
1075,LY968,"Early Childhood Care, Health and Education",288,,288,380,2021
1076,LY978,Health and Social Care - Common Entry,279,,279,347,2021
1077,MI001,Contemporary and Applied Theatre Studies,209,,209,484,2021
1078,MI002,Arts,280,,280,408,2021
1079,MI004,Education - Primary Teaching - International,589,,589,601,2021
1080,MI005,Education - Primary Teaching,522,,522,554,2021
1081,MI006,Education - Primary Teaching - Gaeltacht Applicants,485,,485,522,2021
1082,MI007,Early Childhood Care and Education,409,,409,462,2021
1083,MI008,Education and Psychology - Primary Teaching,590,,590,602,2021
1084,MI009,"Education, Business Studies and Accounting",434,,434,477,2021
1085,MI010,"Education, Business Studies and Religious Studies",370,,370,412,2021
1086,MI011,"Education, Gaeilge and Religious Studies",407,,407,444,2021
1087,MI012,"Education, Gaeilge and Business Studies",387,,387,451,2021
1088,MI013,"Education, Mathematics and Gaeilge",509,,509,543,2021
1089,MI014,"Education, Mathematics and Business Studies",476,,476,531,2021
1090,CI110,Counselling and Psychotherapy,292,,292,368,2021
1091,CI111,Counselling and Psychotherapy with Addiction Studies,290,,290,356,2021
1092,CI112,Counselling and Psychotherapy with Youth Studies,325,,325,388,2021
1093,LC110,"Art and Design (Common Entry, portfolio)",794,,794,981,2021
1094,LC114,Fashion and Textiles for Product and Costume (portfolio),914,,914,933,2021
1095,LC115,"Art and Design Teacher Education (LIT and UL, portfolio)",993,,993,1058,2021
1096,LC220,Digital Marketing,263,,263,322,2021
1099,LC223,Law and Taxation,331,,331,410,2021
1100,LC224,Accounting and Finance,300,,300,356,2021
1101,LC225,Marketing and Management,298,,298,376,2021
1102,LC226,Enterprise and Innovation,255,,255,327,2021
1105,LC233,Software Development,280,,280,348,2021
1106,LC234,Immersive Digital Media and Spatial Computing,226,,226,342,2021
1108,LC236,Internet Systems Development,260,,260,305,2021
1109,LC239,Computer Networks and Systems Management,317,,317,378,2021
1110,LC241,Construction Management,326,,326,387,2021
1111,LC242,Property Valuation and Management,308,,308,377,2021
1112,LC243,Quantity Surveying,278,,278,359,2021
1113,LC248,Built Environment (Common Entry),300,,300,357,2021
1115,LC252,Civil Engineering Management,264,,264,338,2021
1117,LC263,Medical Technology,391,,391,455,2021
1118,LC265,Forensic and Pharmaceutical Sciences,498,,498,528,2021
1119,LC266,Drug and Medicinal Product Analysis,252,,252,368,2021
1124,LC275,Electrical Engineering,361,347,347,382,2021
1134,LC288,Mechanical Engineering,378,369,369,432,2021
1135,LC289,Precision Engineering,261,,261,357,2021
1137,LC292,Social Care Work,374,,374,410,2021
1138,LC293,Business Studies with Travel and Tourism Management,271,264,264,356,2021
1139,LC294,Business Studies with Event Management,279,,279,356,2021
1140,LC295,Business Studies with Sports Management,262,,262,320,2021
1141,LC297,Community and Addiction Studies,272,262,262,316,2021
1142,LC320,Business,381,,381,408,2021
1144,LC330,Business with Computing,328,308,308,367,2021
1146,LC340,Interior Design,391,368,368,420,2021
1147,LC362,Biotechnology and Biopharmaceutical Sciences,429,,429,463,2021
1148,LC371,Creative Broadcast and Film Production,325,310,310,387,2021
1149,LC372,Music Technology and Production,377,,377,454,2021
1150,LC374,Renewable and Electrical Energy Engineering,337,319,319,401,2021
1151,LC375,Industrial Automation and Robotic Systems,309,,309,383,2021
1152,LC376,Electronic Engineering with Computer Systems,357,,357,378,2021
1153,LC380,Automotive Engineering and Transport Management,298,,298,340,2021
1154,LC392,Business Studies in Beauty and Spa Management,328,317,317,358,2021
1155,LC393,Early Childhood Education and Care,309,276,276,339,2021
1160,LC402,Social Care Work,228,,228,306,2021
1161,LC408,Environmental Science and Climate,279,,279,347,2021
1163,LC416,Business,260,,260,300,2021
1164,LC418,Computing - Games Design and Development,260,256,256,320,2021
1165,LC422,Applied Strength and Conditioning,289,,289,359,2021
1168,LC502,Game Art and Design (portfolio),841,,841,1018,2021
1170,LC517,Creative Media and Design,279,,279,413,2021
1171,LC518,Digital Animation Production (portfolio),807,,807,977,2021
1173,LC612,Social Care Work,309,,309,348,2021
1174,LM002,Arts,360,360,360,423,2021
1175,LM019,Social Sciences,451,,451,507,2021
1176,LM020,Law and Accounting,474,,474,520,2021
1177,LM026,Performing Arts (audition format TBC),329,,329,451,2021
1178,LM028,Criminal Justice,420,,420,454,2021
1179,LM029,Law Plus,530,,530,554,2021
1180,LM038,Psychology and Sociology,530,,530,533,2021
1181,LM039,Journalism and Digital Communication,432,,432,473,2021
1182,LM040,European Studies,409,,409,521,2021
1183,LM044,Applied Languages,429,,429,485,2021
1184,LM050,Business Studies (options),451,,451,489,2021
1185,LM056,International Business,555,,555,589,2021
1186,LM058,Financial Mathematics,468,,468,531,2021
1187,LM063,Technology Management,410,,410,452,2021
1188,LM066,Environmental Science,430,,430,478,2021
1189,LM068,Food Science and Health,464,,464,495,2021
1190,LM076,Product Design and Technology (portfolio required),401,,401,499,2021
1191,LM077,Aeronautical Engineering,567,,567,601,2021
1192,LM082,Construction Management and Engineering,446,,446,480,2021
1193,LM089,Sport and Exercise Sciences,498,,498,533,2021
1194,LM090,Physical Education with concurrent Teacher Education,552,544,544,577,2021
1195,LM091,Languages with concurrent Teacher Education,506,,506,541,2021
1196,LM092,Science with Teacher Ed (Biology with Physics/Chemistry/Ag Science),521,,521,555,2021
1197,LM093,Equine Science,367,,367,431,2021
1198,LM094,Materials and Architectural Technology with concurrent Teacher Education,475,,475,501,2021
1199,LM095,Materials and Engineering Technology with concurrent Teacher Education,425,,425,452,2021
1200,LM096,Science with Teacher Ed (Physical Sciences with Chemistry and Physics),454,,454,488,2021
1201,LM097,Mathematics and Computer Science with concurrent Teacher Education,465,,465,499,2021
1202,LM099,Architecture,520,,520,543,2021
1203,LM100,Physiotherapy,613,,601,613,2021
1204,LM101,Medicine  - Graduate Entry (GAMSAT required),57,,57,59,2021
1205,LM102,Psychology,534,,534,565,2021
1206,LM103,Paramedic Studies (Full B/Provisional C1 Drivers Licence),429,,429,455,2021
1207,LM105,Exercise and Health Fitness Management,441,,441,473,2021
1208,LM115,Chemical and Biochemical Engineering,476,,476,520,2021
1209,LM116,Engineering (Biomedical/Civil/Design and Manufacture/Mechanical),498,,498,544,2021
1210,LM118,Electronic and Computer Engineering,445,,445,487,2021
1211,LM121,Computer Science (Computer Systems/Games Dev/Mobile Comm Security),402,,402,461,2021
1212,LM122,Creative Media and Interaction Design (Digital Design/Music Media Tech),382,,382,467,2021
1213,LM123,Biological and Chemical Sc. (Biosci/Envir Sci/Ind Bio/Pharma and In,498,,498,533,2021
1214,LM124,Mathematics (Math Science/Maths and Physics/Economics and Maths),455,,455,532,2021
1215,LM125,Physics (Applied Physics or Mathematics and Physics),489,,489,577,2021
1216,LM150,General Nursing,498,487,474,496,2021
1217,LM152,Mental Health Nursing,478,466,440,476,2021
1218,LM154,Intellectual Disability Nursing,462,443,433,474,2021
1219,LM156,Midwifery,521,508,498,521,2021
1221,MU001,Theology and Arts,294,294,291,332,2021
1222,MU002,Theology,,,411,411,2021
1223,MH001,Education - Primary Teaching (Froebel),564,,556,578,2021
1224,MH002,Education - Primary Teaching - Gaeltacht Applicants (Froebel),,,,,2021
1225,MH003,Early Childhood - Teaching and Learning (full-time),381,,381,430,2021
1226,MH101,Arts,338,336,336,409,2021
1227,MH103,Music,,,,,2021
1228,MH106,Psychology - 3 years,554,,552,555,2021
1229,MH107,Social Science,390,,390,440,2021
1230,MH109,Media Studies,324,,324,393,2021
1231,MH116,Community and Youth Work (Full-Time),,,,,2021
1232,MH201,Science,401,400,397,456,2021
1233,MH202,Biotechnology,490,489,489,509,2021
1234,MH203,Biological and Geographical Sciences,451,,451,477,2021
1235,MH204,Physics with Astrophysics,422,,422,499,2021
1236,MH206,Theoretical Physics and Mathematics,521,,521,578,2021
1237,MH207,Data Science,444,,444,510,2021
1238,MH208,Biological and Biomedical Sciences,543,,533,554,2021
1239,MH209,Psychology (through Science) - 4 years,529,,517,531,2021
1240,MH210,Pharmaceutical and Biomedical Chemistry,510,,510,532,2021
1241,MH212,Science|Maths and Computer Science|Mathematics (with Education),452,443,434,498,2021
1242,MH304,Engineering (Computer/Electronic/Communications),351,351,351,454,2021
1243,MH305,Product Design,326,,326,397,2021
1244,MH306,Robotics and Intelligent Devices,362,,362,445,2021
1245,MH401,Finance (options),370,,370,418,2021
1246,MH402,Quantitative Finance,476,,476,521,2021
1247,MH403,Accounting and Finance,424,,424,473,2021
1248,MH404,Business (options),441,,441,473,2021
1249,MH407,Business and Accounting,423,,423,473,2021
1250,MH411,Entrepreneurship,378,,378,409,2021
1251,MH501,LLB Law - four year Single Major Law programme,507,,507,531,2021
1252,MH502,Law (options),465,,465,498,2021
1253,MH601,Computer Science through Arts (options),381,,381,423,2021
1254,MH602,Computer Science through Science (options),400,,400,444,2021
1255,MH603,Computational Thinking,520,,520,579,2021
1256,MH801,Early Childhood - Teaching and Learning (part-time),,,,319,2021
1257,MH802,"Community and Youth Work (part-time, in service)",,,,,2021
1258,MH803,"Local Studies/Community Studies (part-time, evening) - Mature Students",,,,,2021
1259,AS001,"Education, Home Economics and Biology - with concurrent Teacher Ed",542,533,532,555,2021
1260,AS002,"Education, Home Economics and Religious Ed - with concurrent Teacher Ed",464,452,441,476,2021
1261,AS003,"Education, Home Economics and Irish - with concurrent Teacher Ed",463,457,440,487,2021
1262,AS051,"Nutrition, Food and Business Management",378,347,291,418,2021
1263,AS054,Home Economics,440,419,368,430,2021
1264,AS110,General Nursing,440,432,422,445,2021
1265,AS130,Intellectual Disability Nursing,387,358,348,387,2021
1275,SG141,Business,262,,262,346,2021
1276,SG145,Business and ICT,279,,279,411,2021
1277,SG146,Accounting,304,,304,403,2021
1278,SG147,Sport with Business,288,,288,340,2021
1279,SG148,Tourism with Event Management,298,,298,328,2021
1280,SG150,Business in Marketing,298,,298,360,2021
1285,SG241,Performing Arts,341,,341,393,2021
1286,SG242,Early Childhood Care and Education,287,,287,368,2021
1287,SG243,Social Care Practice,309,,309,357,2021
1288,SG244,Fine Art,501,,501,643,2021
1289,SG245,Creative Design,332,,332,357,2021
1290,SG246,Computing,316,,316,402,2021
1291,SG247,English and Psychology,319,,319,357,2021
1292,SG248,Sociology and Politics,298,,298,328,2021
1293,SG249,Writing and Literature,308,,308,409,2021
1294,SG252,Software Development,310,,310,413,2021
1295,SG253,Computing in Computer Networks and Cyber Security,336,,336,374,2021
1296,SG254,Writing and Literature Online,327,,327,393,2021
1297,SG255,Law and Business,291,,291,398,2021
1310,SG341,General Engineering,373,,373,467,2021
1311,SG342,Civil Engineering,418,,418,498,2021
1312,SG343,Quantity Surveying,300,,300,385,2021
1313,SG344,Mechanical Engineering,412,,412,509,2021
1314,SG346,Construction Project Management and Applied Technology,313,,313,362,2021
1315,SG347,Architecture,403,,403,462,2021
1316,SG348,Interior Architecture and Design,359,,359,410,2021
1317,SG349,Electronics and Self Driving Technologies,,,,0,2021
1318,SG350,Robotics and Automation,384,,384,478,2021
1329,SG442,Occupational Safety and Health,307,,307,360,2021
1330,SG443,Human Nutrition,376,,376,440,2021
1331,SG444,Science Undenominated,358,,358,430,2021
1332,SG445,Pharmaceutical Science with Drug Development,357,,357,401,2021
1333,SG447,Health Science and Physical Activity,326,,326,389,2021
1334,SG448,Forensic Investigation and Analysis,308,,308,376,2021
1335,SG449,Medical Biotechnology,315,,315,403,2021
1336,SG450,Environmental Science with Ecology (Level 8),310,,310,430,2021
1362,TL801,"Animation, Visual Effects and Motion Design (Level 8, portfolio)",718,,718,823,2021
1363,TL802,"TV, Radio and New Media (Level 8)",322,,322,413,2021
1364,TL810,Computing with Software Development,308,,308,399,2021
1365,TL811,Computing with Games Development,322,,322,342,2021
1366,TL815,Computing (Degree Award options),307,,307,453,2021
1367,TL823,Event Management (3 year programme),293,,293,369,2021
1368,TL831,Business Studies (Major Specialism in: Acctng or Mktg or Mgmnt),306,,306,408,2021
1369,TL842,Construction Management,,,,0,2021
1370,TL844,Agricultural Engineering,301,,301,392,2021
1371,TL845,Civil Engineering,361,,361,395,2021
1372,TL847,Manufacturing Engineering,305,,305,338,2021
1373,TL848,Agricultural Science,307,,307,367,2021
1374,TL851,Wildlife Biology (Degree Award options),309,,309,400,2021
1375,TL855,Pharmaceutical Science (Degree Award options),316,,316,419,2021
1376,TL858,Veterinary Bioscience,317,,317,402,2021
1377,TL871,Health and Leisure (Degree Award options),303,,303,389,2021
1378,TL872,Health and Leisure with Massage,314,,314,381,2021
1379,TL873,Coaching and Sports Performance,308,,308,371,2021
1380,TL874,Inclusive Sport and Physical Activity,341,,341,476,2021
1381,TL880,Early Childhood Care and Education,309,,309,369,2021
1382,TL881,Social Care,301,,301,377,2021
1383,TL889,Counselling with Addiction - Mature applicants only,,,,0,2021
1384,TL890,General Nursing and Mature Applicants,463,,463,484,2021
1385,TL891,Mental Health Nursing and Mature Applicants,440,419,412,430,2021
1386,WD001,Applied Computing (options),270,261,261,423,2021
1387,WD002,Science (options),279,,279,388,2021
1389,WD005,Health Sciences (options),271,,271,368,2021
1390,WD006,Exercise Sciences (options),270,,270,357,2021
1391,WD007,Engineering (options),270,270,270,432,2021
1397,WD025,Construction Management and Engineering,262,,262,357,2021
1398,WD027,Music,321,,321,437,2021
1399,WD048,Business (options),279,,279,387,2021
1401,WD084,Accounting,308,,308,476,2021
1402,WD091,Hospitality Management,225,,225,337,2021
1406,WD116,General Nursing,446,,446,473,2021
1407,WD117,Psychiatric Nursing,415,,415,430,2021
1408,WD120,Intellectual Disability Nursing,390,,390,404,2021
1410,WD134,International Business,267,,267,368,2021
1411,WD137,Design (Visual Communications),252,,252,360,2021
1412,WD140,Laws,280,,280,394,2021
1413,WD144,Architecture,309,,309,401,2021
1414,WD147,Pharmaceutical Science,288,,288,402,2021
1415,WD150,Criminal Justice Studies,280,,280,359,2021
1417,WD152,Visual Art,243,,243,359,2021
1421,WD161,Computer Forensics and Security,270,,270,347,2021
1422,WD162,Quantity Surveying,226,,226,337,2021
1423,WD163,Psychology,456,,456,487,2021
1432,WD186,Sports Coaching and Performance,261,,261,358,2021
1433,WD187,Social Science,276,,276,367,2021
1435,WD191,Agricultural Science,377,,377,434,2021
1436,WD192,Social Care Practice,271,,271,336,2021
1437,WD193,Marketing and Digital Media,279,,279,358,2021
1438,WD194,Culinary Arts,237,,237,321,2021
1439,WD195,Architectural and Building Information Modelling Technology,279,,279,367,2021
1440,WD200,Arts (options),201,201,201,376,2021
1445,WD210,Software Systems Development,260,,260,373,2021
1446,WD211,Creative Computing,270,,270,392,2021
1447,WD212,Recreation and Sport Management,262,,262,304,2021
1448,WD230,Mechanical and Manufacturing Engineering,230,230,230,361,2021
1449,WD231,Early Childhood Care and Education,266,,266,366,2021
1450,WD232,Business Information Systems,261,261,261,329,2021
